epoch,time,train/box_loss,train/cls_loss,train/dfl_loss,metrics/precision(B),metrics/recall(B),metrics/mAP50(B),metrics/mAP50-95(B),val/box_loss,val/cls_loss,val/dfl_loss,lr/pg0,lr/pg1,lr/pg2
1,30.74,1.20906,3.75307,1.29907,0.00333,1,0.00612,0.00377,0.87862,4.02619,1.09612,0.0937,0.0007,0.0007
2,59.8442,0.79693,3.39561,0.98745,0.00333,1,0.04386,0.04228,0.67545,3.70224,0.93708,0.0864703,0.0014703,0.0014703
3,89.2412,0.703,2.53295,0.90627,0.00333,1,0.13552,0.1274,0.62398,3.49799,0.90744,0.0792089,0.00220892,0.00220892
4,120.149,0.76574,1.72395,0.94694,0.00333,1,0.87596,0.65175,0.71217,3.24203,0.94298,0.0719159,0.00291586,0.00291586
5,149.096,0.72277,1.30211,0.9233,0.00333,1,0.87217,0.66886,0.73468,3.17951,0.91456,0.0645911,0.00359112,0.00359112
6,176.67,0.6856,1.08281,0.90436,0.00333,1,0.90611,0.72633,0.62742,3.09373,0.89218,0.0572347,0.0042347,0.0042347
7,204.11,0.72568,0.98185,0.91576,0.00333,1,0.93545,0.79245,0.64305,3.03107,0.89064,0.0498466,0.0048466,0.0048466
8,231.246,0.71768,0.92118,0.9276,0.00333,1,0.9354,0.77871,0.72537,2.87688,0.9189,0.0424268,0.00542682,0.00542682
9,258.656,0.77274,0.90548,0.92439,1,0.12442,0.93558,0.79666,0.69361,2.74771,0.90487,0.0349754,0.00597536,0.00597536
10,285.989,0.76559,0.86869,0.9208,1,0.31232,0.94603,0.77124,0.70807,2.52977,0.90628,0.0274922,0.00649222,0.00649222
11,313.126,0.72542,0.91774,0.91191,1,0.36624,0.94671,0.82471,0.61765,2.3937,0.89219,0.0199774,0.0069774,0.0069774
12,340.681,0.68398,0.90616,0.90966,1,0.18014,0.96808,0.80308,0.68225,2.62017,0.92008,0.0124309,0.0074309,0.0074309
13,367.797,0.74583,0.93071,0.92877,1,0.91422,0.98833,0.83893,0.69261,1.56559,0.90853,0.007624,0.007624,0.007624
14,394.973,0.74709,0.87392,0.9295,0.88663,0.9375,0.98458,0.84077,0.64133,1.53379,0.92957,0.007426,0.007426,0.007426
15,422.188,0.67641,0.82478,0.90548,0.94047,0.98797,0.99147,0.83321,0.73249,1.00962,0.94379,0.007228,0.007228,0.007228
16,449.405,0.71131,0.77105,0.92967,1,0.99628,0.995,0.80316,0.77967,0.96535,0.96433,0.00703,0.00703,0.00703
17,476.678,0.66188,0.73035,0.89129,1,0.99595,0.995,0.80143,0.7361,0.87372,0.9562,0.006832,0.006832,0.006832
18,507.08,0.68811,0.78857,0.89117,0.98837,1,0.995,0.81886,0.68872,0.9695,0.94631,0.006634,0.006634,0.006634
19,539.199,0.62073,0.7689,0.88807,0.99244,1,0.995,0.83175,0.66958,0.86665,0.92188,0.006436,0.006436,0.006436
20,570.439,0.66506,0.71911,0.89006,0.99249,1,0.995,0.84901,0.66916,0.826,0.93144,0.006238,0.006238,0.006238
21,602.121,0.65032,0.73191,0.89432,0.99743,1,0.995,0.83118,0.68623,0.78695,0.92831,0.00604,0.00604,0.00604
22,633.546,0.62954,0.69107,0.88789,0.99574,1,0.995,0.80061,0.68009,0.75956,0.92901,0.005842,0.005842,0.005842
23,664.985,0.6446,0.6807,0.881,0.99621,1,0.995,0.85072,0.68895,0.70517,0.94232,0.005644,0.005644,0.005644
24,696.274,0.61028,0.67063,0.89775,0.99573,1,0.995,0.82942,0.67819,0.73376,0.93479,0.005446,0.005446,0.005446
25,727.424,0.59352,0.64199,0.90514,0.9964,1,0.995,0.85336,0.61108,0.64363,0.89768,0.005248,0.005248,0.005248
26,759.063,0.6289,0.66081,0.8953,0.97859,1,0.995,0.81864,0.65383,0.67944,0.91208,0.00505,0.00505,0.00505
27,791.326,0.58198,0.63031,0.88311,0.99611,1,0.995,0.84618,0.60645,0.65644,0.90095,0.004852,0.004852,0.004852
28,824.801,0.58798,0.62374,0.86703,0.99608,1,0.995,0.86055,0.62138,0.6618,0.91386,0.004654,0.004654,0.004654
29,856.524,0.61617,0.63478,0.86505,0.99708,1,0.995,0.84234,0.67593,0.66955,0.9193,0.004456,0.004456,0.004456
30,888.183,0.59878,0.60827,0.87297,0.99691,1,0.995,0.84559,0.61076,0.60789,0.90328,0.004258,0.004258,0.004258
31,919.74,0.61835,0.61237,0.89911,0.99688,1,0.995,0.84994,0.6004,0.59385,0.90826,0.00406,0.00406,0.00406
32,951.027,0.55105,0.56635,0.8679,0.99676,1,0.995,0.84983,0.66753,0.54152,0.92652,0.003862,0.003862,0.003862
33,982.303,0.56951,0.53559,0.85714,0.99644,1,0.995,0.8571,0.64536,0.53898,0.91573,0.003664,0.003664,0.003664
34,1013.72,0.55754,0.54716,0.8676,0.99653,1,0.995,0.85863,0.62963,0.53997,0.92489,0.003466,0.003466,0.003466
35,1045.16,0.54295,0.55748,0.87686,0.99647,1,0.995,0.87106,0.59017,0.53905,0.91234,0.003268,0.003268,0.003268
36,1076.55,0.53904,0.56505,0.87572,0.99654,1,0.995,0.85541,0.586,0.50709,0.90302,0.00307,0.00307,0.00307
37,1107.98,0.53441,0.55136,0.87322,0.99667,1,0.995,0.86188,0.58287,0.50331,0.90241,0.002872,0.002872,0.002872
38,1139.37,0.50841,0.54204,0.8685,0.99682,1,0.995,0.88032,0.60065,0.51033,0.89747,0.002674,0.002674,0.002674
39,1170.68,0.51373,0.51392,0.86245,0.99676,1,0.995,0.86403,0.60715,0.5077,0.90604,0.002476,0.002476,0.002476
40,1201.94,0.50014,0.51096,0.85761,0.99656,1,0.995,0.8622,0.66486,0.51741,0.92616,0.002278,0.002278,0.002278
41,1232.91,0.51081,0.5889,0.80741,0.99587,1,0.995,0.83493,0.61395,0.6262,0.91592,0.00208,0.00208,0.00208
42,1264.04,0.43852,0.54937,0.80127,0.99625,1,0.995,0.84778,0.57985,0.54029,0.91364,0.001882,0.001882,0.001882
43,1294.96,0.4421,0.52922,0.83858,0.99665,1,0.995,0.87879,0.5774,0.50382,0.9157,0.001684,0.001684,0.001684
44,1326.24,0.43574,0.50796,0.80415,0.99671,1,0.995,0.88461,0.56159,0.48457,0.91075,0.001486,0.001486,0.001486
45,1357.36,0.42893,0.50254,0.84528,0.9969,1,0.995,0.85709,0.57246,0.46161,0.90203,0.001288,0.001288,0.001288
46,1388.77,0.41571,0.48952,0.80961,0.99686,1,0.995,0.88089,0.57456,0.46744,0.90758,0.00109,0.00109,0.00109
47,1420.04,0.44309,0.48412,0.80366,0.99683,1,0.995,0.88045,0.56085,0.45183,0.90403,0.000892,0.000892,0.000892
48,1448.74,0.4106,0.4622,0.81236,0.99682,1,0.995,0.88072,0.56472,0.45428,0.90844,0.000694,0.000694,0.000694
49,1475.65,0.39362,0.45566,0.80856,0.99686,1,0.995,0.87097,0.56618,0.43893,0.90756,0.000496,0.000496,0.000496
50,1502.38,0.42435,0.48038,0.82153,0.99682,1,0.995,0.87554,0.56808,0.4347,0.90838,0.000298,0.000298,0.000298
